scheme,operation,spread_percent,median_ns_full-r1,median_ns_full-r2,median_ns_full-r3
ed25519,keygen,10.14,8209,9041,9000
ed25519,sign 166 B,0.01,8916,8917,8917
ed25519,verify 166 B,0.68,18542,18625,18500
ed25519,strict verify,0.39,21167,21250,21208
ed25519,authorize,0.17,24125,24125,24167
ml-dsa-44,keygen,0.11,76333,76375,76417
ml-dsa-44,sign 166 B,1.01,127312,126083,126042
ml-dsa-44,verify 166 B,0.41,40125,40166,40291
ml-dsa-44,strict verify,0.31,40167,40125,40250
ml-dsa-44,authorize,0.08,49334,49375,49375
ml-dsa-65,keygen,0.35,131334,131792,131375
ml-dsa-65,sign 166 B,0.14,227083,227396,227354
ml-dsa-65,verify 166 B,0.32,65875,65875,66083
ml-dsa-65,strict verify,0.13,66000,65917,66000
ml-dsa-65,authorize,0.16,79958,80083,80042
slh-dsa-sha2-128s,keygen,0.79,65901104,66240334,66418625
slh-dsa-sha2-128s,sign 166 B,0.35,504053542,504889541,505797875
slh-dsa-sha2-128s,verify 166 B,4.92,490792,514916,502000
slh-dsa-sha2-128s,strict verify,13.15,511084,463292,524230
slh-dsa-sha2-128s,authorize,0.75,501458,503792,505208
