scheme,operation,n,median_ns,q1_ns,q3_ns,p95_ns
ed25519,keygen,1000,10875,10750,11375,15958
ed25519,sign,1000,8833,8271,8916,9375
ed25519,verify,1000,18667,18625,18709,18916
ml-dsa-44,keygen,1000,76563,76333,76833,78646
ml-dsa-44,sign,1000,127625,95125,223136,444591
ml-dsa-44,verify,1000,40333,40250,40417,42836
ml-dsa-65,keygen,1000,130834,130459,131333,135802
ml-dsa-65,sign,1000,228750,141709,361052,676260
ml-dsa-65,verify,1000,66041,65834,66250,71750
slh-dsa-sha2-128s,keygen,889,66581667,66392916,67385458,71742367
slh-dsa-sha2-128s,sign,116,510960355,508788343,516421865,
slh-dsa-sha2-128s,verify,1000,581792,561125,607708,692286
