run_id,scheme,category,operation,mode,message_len,input_class,sample_count,valid_count,budget_limited,median_ns,q1_ns,q3_ns,p95_ns,public_key_bytes,signature_bytes,status,note
full-r3,ed25519,classical (~128-bit classical security),keygen,n/a,0,n/a,1000,1000,0,9000,8958,9041,9083,32,64,ok,
full-r3,ed25519,classical (~128-bit classical security),sign,prepared,32,valid,1000,1000,0,8750,8708,8792,8916,32,64,ok,
full-r3,ed25519,classical (~128-bit classical security),verify,prepared,32,valid,1000,1000,0,18500,18458,18542,18625,32,64,ok,
full-r3,ed25519,classical (~128-bit classical security),verify,prepared,32,corrupted,1000,1000,0,18500,18459,18584,18792,32,64,ok,
full-r3,ed25519,classical (~128-bit classical security),verify,prepared,32,invalid_len,1000,1000,0,0,0,42,42,32,64,ok,
full-r3,ed25519,classical (~128-bit classical security),verify_strict,prepared,32,valid,1000,1000,0,21208,21125,21250,21336,32,64,ok,
full-r3,ed25519,classical (~128-bit classical security),verify_strict,prepared,32,corrupted,1000,1000,0,21208,21166,21250,21500,32,64,ok,
full-r3,ed25519,classical (~128-bit classical security),verify_strict,prepared,32,invalid_len,1000,1000,0,0,0,41,42,32,64,ok,
full-r3,ed25519,classical (~128-bit classical security),sign,byte,32,valid,1000,1000,0,17041,16917,17084,17208,32,64,ok,
full-r3,ed25519,classical (~128-bit classical security),verify,byte,32,valid,1000,1000,0,20667,20625,20709,20792,32,64,ok,
full-r3,ed25519,classical (~128-bit classical security),verify,byte,32,corrupted,1000,1000,0,20708,20667,20750,21083,32,64,ok,
full-r3,ed25519,classical (~128-bit classical security),verify,byte,32,invalid_len,1000,1000,0,2208,2166,2209,2250,32,64,ok,
full-r3,ed25519,classical (~128-bit classical security),verify_strict,byte,32,valid,1000,1000,0,23542,23500,23584,23708,32,64,ok,
full-r3,ed25519,classical (~128-bit classical security),verify_strict,byte,32,corrupted,1000,1000,0,23542,23500,23584,23708,32,64,ok,
full-r3,ed25519,classical (~128-bit classical security),verify_strict,byte,32,invalid_len,1000,1000,0,2208,2208,2209,2209,32,64,ok,
full-r3,ed25519,classical (~128-bit classical security),sign,prepared,166,valid,1000,1000,0,8917,8875,8959,9042,32,64,ok,
full-r3,ed25519,classical (~128-bit classical security),verify,prepared,166,valid,1000,1000,0,18500,18458,18542,18625,32,64,ok,
full-r3,ed25519,classical (~128-bit classical security),verify,prepared,166,corrupted,1000,1000,0,18500,18458,18542,18625,32,64,ok,
full-r3,ed25519,classical (~128-bit classical security),verify,prepared,166,invalid_len,1000,1000,0,0,0,42,42,32,64,ok,
full-r3,ed25519,classical (~128-bit classical security),verify_strict,prepared,166,valid,1000,1000,0,21208,21166,21250,21336,32,64,ok,
full-r3,ed25519,classical (~128-bit classical security),verify_strict,prepared,166,corrupted,1000,1000,0,21208,21125,21250,21541,32,64,ok,
full-r3,ed25519,classical (~128-bit classical security),verify_strict,prepared,166,invalid_len,1000,1000,0,0,0,41,42,32,64,ok,
full-r3,ed25519,classical (~128-bit classical security),sign,byte,166,valid,1000,1000,0,17208,17166,17250,17333,32,64,ok,
full-r3,ed25519,classical (~128-bit classical security),verify,byte,166,valid,1000,1000,0,20708,20666,20750,23752,32,64,ok,
full-r3,ed25519,classical (~128-bit classical security),verify,byte,166,corrupted,1000,1000,0,20750,20667,20792,21084,32,64,ok,
full-r3,ed25519,classical (~128-bit classical security),verify,byte,166,invalid_len,1000,1000,0,2208,2208,2209,2209,32,64,ok,
full-r3,ed25519,classical (~128-bit classical security),verify_strict,byte,166,valid,1000,1000,0,23542,23500,23625,23875,32,64,ok,
full-r3,ed25519,classical (~128-bit classical security),verify_strict,byte,166,corrupted,1000,1000,0,23542,23500,23625,24208,32,64,ok,
full-r3,ed25519,classical (~128-bit classical security),verify_strict,byte,166,invalid_len,1000,1000,0,2208,2208,2209,2209,32,64,ok,
full-r3,ed25519,classical (~128-bit classical security),sign,prepared,1024,valid,1000,1000,0,9958,9917,10000,10127,32,64,ok,
full-r3,ed25519,classical (~128-bit classical security),verify,prepared,1024,valid,1000,1000,0,19083,19041,19125,19167,32,64,ok,
full-r3,ed25519,classical (~128-bit classical security),verify,prepared,1024,corrupted,1000,1000,0,19083,19042,19125,19209,32,64,ok,
full-r3,ed25519,classical (~128-bit classical security),verify,prepared,1024,invalid_len,1000,1000,0,0,0,41,42,32,64,ok,
full-r3,ed25519,classical (~128-bit classical security),verify_strict,prepared,1024,valid,1000,1000,0,21750,21709,21792,21875,32,64,ok,
full-r3,ed25519,classical (~128-bit classical security),verify_strict,prepared,1024,corrupted,1000,1000,0,21792,21709,22083,24337,32,64,ok,
full-r3,ed25519,classical (~128-bit classical security),verify_strict,prepared,1024,invalid_len,1000,1000,0,0,0,42,42,32,64,ok,
full-r3,ed25519,classical (~128-bit classical security),sign,byte,1024,valid,1000,1000,0,18209,18166,18291,18417,32,64,ok,
full-r3,ed25519,classical (~128-bit classical security),verify,byte,1024,valid,1000,1000,0,21250,21208,21292,21375,32,64,ok,
full-r3,ed25519,classical (~128-bit classical security),verify,byte,1024,corrupted,1000,1000,0,21292,21250,21333,21666,32,64,ok,
full-r3,ed25519,classical (~128-bit classical security),verify,byte,1024,invalid_len,1000,1000,0,2208,2208,2209,2209,32,64,ok,
full-r3,ed25519,classical (~128-bit classical security),verify_strict,byte,1024,valid,1000,1000,0,24125,24083,24166,24250,32,64,ok,
full-r3,ed25519,classical (~128-bit classical security),verify_strict,byte,1024,corrupted,1000,1000,0,24125,24083,24166,24209,32,64,ok,
full-r3,ed25519,classical (~128-bit classical security),verify_strict,byte,1024,invalid_len,1000,1000,0,2208,2208,2209,2209,32,64,ok,
full-r3,ed25519,classical (~128-bit classical security),authorize,authorizer,166,valid,1000,1000,0,24167,24042,24292,24500,32,64,ok,
full-r3,ed25519,classical (~128-bit classical security),authorize,authorizer,166,replay,1000,1000,0,23625,23583,23666,23750,32,64,ok,
full-r3,ml-dsa-44,NIST category 2 (post-quantum),keygen,n/a,0,n/a,1000,1000,0,76417,76167,76666,77377,1312,2420,ok,
full-r3,ml-dsa-44,NIST category 2 (post-quantum),sign,prepared,32,valid,1000,1000,0,126125,93917,219792,439750,1312,2420,ok,
full-r3,ml-dsa-44,NIST category 2 (post-quantum),verify,prepared,32,valid,1000,1000,0,40000,39917,40084,40250,1312,2420,ok,
full-r3,ml-dsa-44,NIST category 2 (post-quantum),verify,prepared,32,corrupted,1000,1000,0,40021,39917,40125,40708,1312,2420,ok,
full-r3,ml-dsa-44,NIST category 2 (post-quantum),verify,prepared,32,invalid_len,1000,1000,0,0,0,42,42,1312,2420,ok,
full-r3,ml-dsa-44,NIST category 2 (post-quantum),verify_strict,prepared,32,valid,1000,1000,0,39958,39875,40042,40375,1312,2420,ok,
full-r3,ml-dsa-44,NIST category 2 (post-quantum),verify_strict,prepared,32,corrupted,1000,1000,0,40041,39917,40125,40417,1312,2420,ok,
full-r3,ml-dsa-44,NIST category 2 (post-quantum),verify_strict,prepared,32,invalid_len,1000,1000,0,0,0,42,42,1312,2420,ok,
full-r3,ml-dsa-44,NIST category 2 (post-quantum),sign,byte,32,valid,1000,1000,0,145250,112917,239625,429052,1312,2420,ok,
full-r3,ml-dsa-44,NIST category 2 (post-quantum),verify,byte,32,valid,1000,1000,0,49000,48916,49084,49250,1312,2420,ok,
full-r3,ml-dsa-44,NIST category 2 (post-quantum),verify,byte,32,corrupted,1000,1000,0,49083,48958,49167,49794,1312,2420,ok,
full-r3,ml-dsa-44,NIST category 2 (post-quantum),verify,byte,32,invalid_len,1000,1000,0,8792,8791,8833,8958,1312,2420,ok,
full-r3,ml-dsa-44,NIST category 2 (post-quantum),verify_strict,byte,32,valid,1000,1000,0,48958,48833,49084,49667,1312,2420,ok,
full-r3,ml-dsa-44,NIST category 2 (post-quantum),verify_strict,byte,32,corrupted,1000,1000,0,49083,48959,49167,49417,1312,2420,ok,
full-r3,ml-dsa-44,NIST category 2 (post-quantum),verify_strict,byte,32,invalid_len,1000,1000,0,8792,8791,8833,8875,1312,2420,ok,
full-r3,ml-dsa-44,NIST category 2 (post-quantum),sign,prepared,166,valid,1000,1000,0,126042,94083,193938,410395,1312,2420,ok,
full-r3,ml-dsa-44,NIST category 2 (post-quantum),verify,prepared,166,valid,1000,1000,0,40291,40208,40375,40666,1312,2420,ok,
full-r3,ml-dsa-44,NIST category 2 (post-quantum),verify,prepared,166,corrupted,1000,1000,0,40333,40167,40750,41171,1312,2420,ok,
full-r3,ml-dsa-44,NIST category 2 (post-quantum),verify,prepared,166,invalid_len,1000,1000,0,0,0,42,42,1312,2420,ok,
full-r3,ml-dsa-44,NIST category 2 (post-quantum),verify_strict,prepared,166,valid,1000,1000,0,40250,40083,40667,41000,1312,2420,ok,
full-r3,ml-dsa-44,NIST category 2 (post-quantum),verify_strict,prepared,166,corrupted,1000,1000,0,40208,40125,40292,40541,1312,2420,ok,
full-r3,ml-dsa-44,NIST category 2 (post-quantum),verify_strict,prepared,166,invalid_len,1000,1000,0,0,0,41,42,1312,2420,ok,
full-r3,ml-dsa-44,NIST category 2 (post-quantum),sign,byte,166,valid,1000,1000,0,144917,84448,238927,398754,1312,2420,ok,
full-r3,ml-dsa-44,NIST category 2 (post-quantum),verify,byte,166,valid,1000,1000,0,49209,49125,49334,49916,1312,2420,ok,
full-r3,ml-dsa-44,NIST category 2 (post-quantum),verify,byte,166,corrupted,1000,1000,0,49084,49000,49209,49833,1312,2420,ok,
full-r3,ml-dsa-44,NIST category 2 (post-quantum),verify,byte,166,invalid_len,1000,1000,0,8792,8791,8833,8917,1312,2420,ok,
full-r3,ml-dsa-44,NIST category 2 (post-quantum),verify_strict,byte,166,valid,1000,1000,0,49042,48958,49166,49377,1312,2420,ok,
full-r3,ml-dsa-44,NIST category 2 (post-quantum),verify_strict,byte,166,corrupted,1000,1000,0,49166,49042,49291,49833,1312,2420,ok,
full-r3,ml-dsa-44,NIST category 2 (post-quantum),verify_strict,byte,166,invalid_len,1000,1000,0,8792,8791,8833,8917,1312,2420,ok,
full-r3,ml-dsa-44,NIST category 2 (post-quantum),sign,prepared,1024,valid,1000,1000,0,127334,95166,221042,442381,1312,2420,ok,
full-r3,ml-dsa-44,NIST category 2 (post-quantum),verify,prepared,1024,valid,1000,1000,0,41125,41031,41250,42175,1312,2420,ok,
full-r3,ml-dsa-44,NIST category 2 (post-quantum),verify,prepared,1024,corrupted,1000,1000,0,41083,41000,41167,41334,1312,2420,ok,
full-r3,ml-dsa-44,NIST category 2 (post-quantum),verify,prepared,1024,invalid_len,1000,1000,0,0,0,41,42,1312,2420,ok,
full-r3,ml-dsa-44,NIST category 2 (post-quantum),verify_strict,prepared,1024,valid,1000,1000,0,41042,40958,41166,41375,1312,2420,ok,
full-r3,ml-dsa-44,NIST category 2 (post-quantum),verify_strict,prepared,1024,corrupted,1000,1000,0,41083,41000,41167,41336,1312,2420,ok,
full-r3,ml-dsa-44,NIST category 2 (post-quantum),verify_strict,prepared,1024,invalid_len,1000,1000,0,0,0,42,42,1312,2420,ok,
full-r3,ml-dsa-44,NIST category 2 (post-quantum),sign,byte,1024,valid,1000,1000,0,146083,114000,240083,434329,1312,2420,ok,
full-r3,ml-dsa-44,NIST category 2 (post-quantum),verify,byte,1024,valid,1000,1000,0,50083,50000,50208,51083,1312,2420,ok,
full-r3,ml-dsa-44,NIST category 2 (post-quantum),verify,byte,1024,corrupted,1000,1000,0,50083,49958,50167,50750,1312,2420,ok,
full-r3,ml-dsa-44,NIST category 2 (post-quantum),verify,byte,1024,invalid_len,1000,1000,0,8792,8791,8833,8875,1312,2420,ok,
full-r3,ml-dsa-44,NIST category 2 (post-quantum),verify_strict,byte,1024,valid,1000,1000,0,50292,50208,50416,50667,1312,2420,ok,
full-r3,ml-dsa-44,NIST category 2 (post-quantum),verify_strict,byte,1024,corrupted,1000,1000,0,50375,50291,50500,51048,1312,2420,ok,
full-r3,ml-dsa-44,NIST category 2 (post-quantum),verify_strict,byte,1024,invalid_len,1000,1000,0,8792,8791,8833,8875,1312,2420,ok,
full-r3,ml-dsa-44,NIST category 2 (post-quantum),authorize,authorizer,166,valid,1000,1000,0,49375,49250,49541,50583,1312,2420,ok,
full-r3,ml-dsa-44,NIST category 2 (post-quantum),authorize,authorizer,166,replay,1000,1000,0,49208,49125,49333,49877,1312,2420,ok,
full-r3,ml-dsa-65,NIST category 3 (post-quantum),keygen,n/a,0,n/a,1000,1000,0,131375,131000,131792,134125,1952,3309,ok,
full-r3,ml-dsa-65,NIST category 3 (post-quantum),sign,prepared,32,valid,1000,1000,0,226938,140333,357489,703358,1952,3309,ok,
full-r3,ml-dsa-65,NIST category 3 (post-quantum),verify,prepared,32,valid,1000,1000,0,65791,65625,65958,68166,1952,3309,ok,
full-r3,ml-dsa-65,NIST category 3 (post-quantum),verify,prepared,32,corrupted,1000,1000,0,65792,65667,65958,68167,1952,3309,ok,
full-r3,ml-dsa-65,NIST category 3 (post-quantum),verify,prepared,32,invalid_len,1000,1000,0,0,0,42,42,1952,3309,ok,
full-r3,ml-dsa-65,NIST category 3 (post-quantum),verify_strict,prepared,32,valid,1000,1000,0,65791,65625,65958,68250,1952,3309,ok,
full-r3,ml-dsa-65,NIST category 3 (post-quantum),verify_strict,prepared,32,corrupted,1000,1000,0,65833,65667,66000,68254,1952,3309,ok,
full-r3,ml-dsa-65,NIST category 3 (post-quantum),verify_strict,prepared,32,invalid_len,1000,1000,0,0,0,42,42,1952,3309,ok,
full-r3,ml-dsa-65,NIST category 3 (post-quantum),sign,byte,32,valid,1000,1000,0,254313,167542,385125,686973,1952,3309,ok,
full-r3,ml-dsa-65,NIST category 3 (post-quantum),verify,byte,32,valid,1000,1000,0,79459,79292,79708,81960,1952,3309,ok,
full-r3,ml-dsa-65,NIST category 3 (post-quantum),verify,byte,32,corrupted,1000,1000,0,79500,79333,79750,82083,1952,3309,ok,
full-r3,ml-dsa-65,NIST category 3 (post-quantum),verify,byte,32,invalid_len,1000,1000,0,13167,13125,13208,13250,1952,3309,ok,
full-r3,ml-dsa-65,NIST category 3 (post-quantum),verify_strict,byte,32,valid,1000,1000,0,79416,79167,79625,82211,1952,3309,ok,
full-r3,ml-dsa-65,NIST category 3 (post-quantum),verify_strict,byte,32,corrupted,1000,1000,0,79291,79084,79500,82625,1952,3309,ok,
full-r3,ml-dsa-65,NIST category 3 (post-quantum),verify_strict,byte,32,invalid_len,1000,1000,0,13167,13125,13208,13250,1952,3309,ok,
full-r3,ml-dsa-65,NIST category 3 (post-quantum),sign,prepared,166,valid,1000,1000,0,227354,140583,369781,761240,1952,3309,ok,
full-r3,ml-dsa-65,NIST category 3 (post-quantum),verify,prepared,166,valid,1000,1000,0,66083,65834,68500,71642,1952,3309,ok,
full-r3,ml-dsa-65,NIST category 3 (post-quantum),verify,prepared,166,corrupted,1000,1000,0,65875,65667,66792,71711,1952,3309,ok,
full-r3,ml-dsa-65,NIST category 3 (post-quantum),verify,prepared,166,invalid_len,1000,1000,0,0,0,42,42,1952,3309,ok,
full-r3,ml-dsa-65,NIST category 3 (post-quantum),verify_strict,prepared,166,valid,1000,1000,0,66000,65833,66208,68256,1952,3309,ok,
full-r3,ml-dsa-65,NIST category 3 (post-quantum),verify_strict,prepared,166,corrupted,1000,1000,0,65833,65666,66042,68085,1952,3309,ok,
full-r3,ml-dsa-65,NIST category 3 (post-quantum),verify_strict,prepared,166,invalid_len,1000,1000,0,0,0,41,42,1952,3309,ok,
full-r3,ml-dsa-65,NIST category 3 (post-quantum),sign,byte,166,valid,1000,1000,0,253605,167667,343562,667284,1952,3309,ok,
full-r3,ml-dsa-65,NIST category 3 (post-quantum),verify,byte,166,valid,1000,1000,0,79500,79292,79708,81958,1952,3309,ok,
full-r3,ml-dsa-65,NIST category 3 (post-quantum),verify,byte,166,corrupted,1000,1000,0,79500,79333,79708,82127,1952,3309,ok,
full-r3,ml-dsa-65,NIST category 3 (post-quantum),verify,byte,166,invalid_len,1000,1000,0,13166,13125,13167,13250,1952,3309,ok,
full-r3,ml-dsa-65,NIST category 3 (post-quantum),verify_strict,byte,166,valid,1000,1000,0,79459,79291,79709,82127,1952,3309,ok,
full-r3,ml-dsa-65,NIST category 3 (post-quantum),verify_strict,byte,166,corrupted,1000,1000,0,79625,79458,79875,82377,1952,3309,ok,
full-r3,ml-dsa-65,NIST category 3 (post-quantum),verify_strict,byte,166,invalid_len,1000,1000,0,13208,13166,13209,13292,1952,3309,ok,
full-r3,ml-dsa-65,NIST category 3 (post-quantum),sign,prepared,1024,valid,1000,1000,0,228042,141292,358500,662346,1952,3309,ok,
full-r3,ml-dsa-65,NIST category 3 (post-quantum),verify,prepared,1024,valid,1000,1000,0,66917,66781,67084,67958,1952,3309,ok,
full-r3,ml-dsa-65,NIST category 3 (post-quantum),verify,prepared,1024,corrupted,1000,1000,0,67250,66833,67792,69458,1952,3309,ok,
full-r3,ml-dsa-65,NIST category 3 (post-quantum),verify,prepared,1024,invalid_len,1000,1000,0,0,0,42,42,1952,3309,ok,
full-r3,ml-dsa-65,NIST category 3 (post-quantum),verify_strict,prepared,1024,valid,1000,1000,0,66833,66667,67000,69333,1952,3309,ok,
full-r3,ml-dsa-65,NIST category 3 (post-quantum),verify_strict,prepared,1024,corrupted,1000,1000,0,66750,66625,66958,69169,1952,3309,ok,
full-r3,ml-dsa-65,NIST category 3 (post-quantum),verify_strict,prepared,1024,invalid_len,1000,1000,0,0,0,41,42,1952,3309,ok,
full-r3,ml-dsa-65,NIST category 3 (post-quantum),sign,byte,1024,valid,1000,1000,0,255563,168792,388594,688431,1952,3309,ok,
full-r3,ml-dsa-65,NIST category 3 (post-quantum),verify,byte,1024,valid,1000,1000,0,80417,80250,80625,81000,1952,3309,ok,
full-r3,ml-dsa-65,NIST category 3 (post-quantum),verify,byte,1024,corrupted,1000,1000,0,80500,80292,80667,81333,1952,3309,ok,
full-r3,ml-dsa-65,NIST category 3 (post-quantum),verify,byte,1024,invalid_len,1000,1000,0,13167,13125,13208,13250,1952,3309,ok,
full-r3,ml-dsa-65,NIST category 3 (post-quantum),verify_strict,byte,1024,valid,1000,1000,0,80500,80292,80708,81292,1952,3309,ok,
full-r3,ml-dsa-65,NIST category 3 (post-quantum),verify_strict,byte,1024,corrupted,1000,1000,0,80375,80167,80583,81042,1952,3309,ok,
full-r3,ml-dsa-65,NIST category 3 (post-quantum),verify_strict,byte,1024,invalid_len,1000,1000,0,13208,13167,13209,13291,1952,3309,ok,
full-r3,ml-dsa-65,NIST category 3 (post-quantum),authorize,authorizer,166,valid,1000,1000,0,80042,79834,80333,82293,1952,3309,ok,
full-r3,ml-dsa-65,NIST category 3 (post-quantum),authorize,authorizer,166,replay,1000,1000,0,79542,79375,79750,81877,1952,3309,ok,
full-r3,slh-dsa-sha2-128s,NIST category 1 (post-quantum),keygen,n/a,0,n/a,902,902,1,66418625,66381657,66472615,67015083,32,7856,ok,
full-r3,slh-dsa-sha2-128s,NIST category 1 (post-quantum),sign,prepared,32,valid,119,119,1,505700750,505531063,506034084,,32,7856,ok,
full-r3,slh-dsa-sha2-128s,NIST category 1 (post-quantum),verify,prepared,32,valid,1000,1000,0,494959,494416,497125,504335,32,7856,ok,
full-r3,slh-dsa-sha2-128s,NIST category 1 (post-quantum),verify,prepared,32,corrupted,1000,1000,0,471166,470584,473458,483462,32,7856,ok,
full-r3,slh-dsa-sha2-128s,NIST category 1 (post-quantum),verify,prepared,32,invalid_len,1000,1000,0,0,0,42,42,32,7856,ok,
full-r3,slh-dsa-sha2-128s,NIST category 1 (post-quantum),verify_strict,prepared,32,valid,1000,1000,0,495000,494500,497292,509752,32,7856,ok,
full-r3,slh-dsa-sha2-128s,NIST category 1 (post-quantum),verify_strict,prepared,32,corrupted,1000,1000,0,508521,495334,521000,616068,32,7856,ok,
full-r3,slh-dsa-sha2-128s,NIST category 1 (post-quantum),verify_strict,prepared,32,invalid_len,1000,1000,0,0,0,42,42,32,7856,ok,
full-r3,slh-dsa-sha2-128s,NIST category 1 (post-quantum),sign,byte,32,valid,103,103,1,574481750,572742208,578709125,,32,7856,ok,
full-r3,slh-dsa-sha2-128s,NIST category 1 (post-quantum),verify,byte,32,valid,1000,1000,0,504958,504541,505844,516129,32,7856,ok,
full-r3,slh-dsa-sha2-128s,NIST category 1 (post-quantum),verify,byte,32,corrupted,1000,1000,0,501667,501166,502209,510763,32,7856,ok,
full-r3,slh-dsa-sha2-128s,NIST category 1 (post-quantum),verify,byte,32,invalid_len,1000,1000,0,41,0,42,42,32,7856,ok,
full-r3,slh-dsa-sha2-128s,NIST category 1 (post-quantum),verify_strict,byte,32,valid,1000,1000,0,488083,487625,488552,499218,32,7856,ok,
full-r3,slh-dsa-sha2-128s,NIST category 1 (post-quantum),verify_strict,byte,32,corrupted,1000,1000,0,491417,491042,491917,501681,32,7856,ok,
full-r3,slh-dsa-sha2-128s,NIST category 1 (post-quantum),verify_strict,byte,32,invalid_len,1000,1000,0,41,0,42,42,32,7856,ok,
full-r3,slh-dsa-sha2-128s,NIST category 1 (post-quantum),sign,prepared,166,valid,119,119,1,505797875,505604479,506176167,,32,7856,ok,
full-r3,slh-dsa-sha2-128s,NIST category 1 (post-quantum),verify,prepared,166,valid,1000,1000,0,502000,501375,504125,511262,32,7856,ok,
full-r3,slh-dsa-sha2-128s,NIST category 1 (post-quantum),verify,prepared,166,corrupted,1000,1000,0,476334,474375,481708,502604,32,7856,ok,
full-r3,slh-dsa-sha2-128s,NIST category 1 (post-quantum),verify,prepared,166,invalid_len,1000,1000,0,0,0,42,42,32,7856,ok,
full-r3,slh-dsa-sha2-128s,NIST category 1 (post-quantum),verify_strict,prepared,166,valid,1000,1000,0,524230,517406,529500,549208,32,7856,ok,
full-r3,slh-dsa-sha2-128s,NIST category 1 (post-quantum),verify_strict,prepared,166,corrupted,1000,1000,0,560292,559584,562594,571002,32,7856,ok,
full-r3,slh-dsa-sha2-128s,NIST category 1 (post-quantum),verify_strict,prepared,166,invalid_len,1000,1000,0,0,0,42,42,32,7856,ok,
full-r3,slh-dsa-sha2-128s,NIST category 1 (post-quantum),sign,byte,166,valid,105,105,1,572229083,572010167,572812541,,32,7856,ok,
full-r3,slh-dsa-sha2-128s,NIST category 1 (post-quantum),verify,byte,166,valid,1000,1000,0,488750,488042,491500,504900,32,7856,ok,
full-r3,slh-dsa-sha2-128s,NIST category 1 (post-quantum),verify,byte,166,corrupted,1000,1000,0,498542,497948,500677,508381,32,7856,ok,
full-r3,slh-dsa-sha2-128s,NIST category 1 (post-quantum),verify,byte,166,invalid_len,1000,1000,0,41,0,42,42,32,7856,ok,
full-r3,slh-dsa-sha2-128s,NIST category 1 (post-quantum),verify_strict,byte,166,valid,1000,1000,0,498542,497959,500625,506042,32,7856,ok,
full-r3,slh-dsa-sha2-128s,NIST category 1 (post-quantum),verify_strict,byte,166,corrupted,1000,1000,0,498667,498083,501000,507804,32,7856,ok,
full-r3,slh-dsa-sha2-128s,NIST category 1 (post-quantum),verify_strict,byte,166,invalid_len,1000,1000,0,41,0,42,42,32,7856,ok,
full-r3,slh-dsa-sha2-128s,NIST category 1 (post-quantum),sign,prepared,1024,valid,119,119,1,506305666,505981584,506710229,,32,7856,ok,
full-r3,slh-dsa-sha2-128s,NIST category 1 (post-quantum),verify,prepared,1024,valid,1000,1000,0,539375,533000,588677,1269519,32,7856,ok,
full-r3,slh-dsa-sha2-128s,NIST category 1 (post-quantum),verify,prepared,1024,corrupted,1000,1000,0,472542,472125,473969,492423,32,7856,ok,
full-r3,slh-dsa-sha2-128s,NIST category 1 (post-quantum),verify,prepared,1024,invalid_len,1000,1000,0,0,0,41,42,32,7856,ok,
full-r3,slh-dsa-sha2-128s,NIST category 1 (post-quantum),verify_strict,prepared,1024,valid,1000,1000,0,481480,479209,486208,495216,32,7856,ok,
full-r3,slh-dsa-sha2-128s,NIST category 1 (post-quantum),verify_strict,prepared,1024,corrupted,1000,1000,0,476875,475750,485719,517308,32,7856,ok,
full-r3,slh-dsa-sha2-128s,NIST category 1 (post-quantum),verify_strict,prepared,1024,invalid_len,1000,1000,0,0,0,42,42,32,7856,ok,
full-r3,slh-dsa-sha2-128s,NIST category 1 (post-quantum),sign,byte,1024,valid,105,105,1,572379084,572088583,572793416,,32,7856,ok,
full-r3,slh-dsa-sha2-128s,NIST category 1 (post-quantum),verify,byte,1024,valid,1000,1000,0,503500,503000,505719,510834,32,7856,ok,
full-r3,slh-dsa-sha2-128s,NIST category 1 (post-quantum),verify,byte,1024,corrupted,1000,1000,0,517167,516625,519458,525710,32,7856,ok,
full-r3,slh-dsa-sha2-128s,NIST category 1 (post-quantum),verify,byte,1024,invalid_len,1000,1000,0,41,0,42,42,32,7856,ok,
full-r3,slh-dsa-sha2-128s,NIST category 1 (post-quantum),verify_strict,byte,1024,valid,1000,1000,0,513750,513208,515958,523172,32,7856,ok,
full-r3,slh-dsa-sha2-128s,NIST category 1 (post-quantum),verify_strict,byte,1024,corrupted,1000,1000,0,493250,492584,495375,503515,32,7856,ok,
full-r3,slh-dsa-sha2-128s,NIST category 1 (post-quantum),verify_strict,byte,1024,invalid_len,1000,1000,0,41,0,42,42,32,7856,ok,
full-r3,slh-dsa-sha2-128s,NIST category 1 (post-quantum),authorize,authorizer,166,valid,65,65,1,505208,491541,515708,,32,7856,ok,
full-r3,slh-dsa-sha2-128s,NIST category 1 (post-quantum),authorize,authorizer,166,replay,1000,1000,0,502042,501459,504167,510923,32,7856,ok,
