run_id,scheme,category,operation,mode,message_len,input_class,sample_count,median_ns,q1_ns,q3_ns,p95_ns,public_key_bytes,signature_bytes,status
quick,ed25519,classical (~128-bit classical security),keygen,n/a,0,n/a,300,23792,23708,23875,26479,32,64,ok
quick,ed25519,classical (~128-bit classical security),sign,prepared,32,valid,300,23250,12292,23333,29529,32,64,ok
quick,ed25519,classical (~128-bit classical security),verify,prepared,32,valid,300,28959,26584,65208,67896,32,64,ok
quick,ed25519,classical (~128-bit classical security),verify,prepared,32,corrupted,300,26458,24584,26542,26710,32,64,ok
quick,ed25519,classical (~128-bit classical security),verify,prepared,32,invalid_len,300,0,0,42,42,32,64,ok
quick,ed25519,classical (~128-bit classical security),sign,byte,32,valid,300,20896,20709,22083,22291,32,64,ok
quick,ed25519,classical (~128-bit classical security),verify,byte,32,valid,300,24459,24375,25583,25875,32,64,ok
quick,ed25519,classical (~128-bit classical security),verify,byte,32,corrupted,300,23375,23291,23458,23584,32,64,ok
quick,ed25519,classical (~128-bit classical security),verify,byte,32,invalid_len,300,2375,2375,2375,2416,32,64,ok
quick,ed25519,classical (~128-bit classical security),sign,prepared,166,valid,300,9500,9458,9541,9583,32,64,ok
quick,ed25519,classical (~128-bit classical security),verify,prepared,166,valid,300,19333,19209,19625,20250,32,64,ok
quick,ed25519,classical (~128-bit classical security),verify,prepared,166,corrupted,300,18958,18833,19208,22250,32,64,ok
quick,ed25519,classical (~128-bit classical security),verify,prepared,166,invalid_len,300,0,0,41,42,32,64,ok
quick,ed25519,classical (~128-bit classical security),sign,byte,166,valid,300,16834,16791,16916,17333,32,64,ok
quick,ed25519,classical (~128-bit classical security),verify,byte,166,valid,300,20666,20541,20750,21000,32,64,ok
quick,ed25519,classical (~128-bit classical security),verify,byte,166,corrupted,300,19250,19125,20833,22345,32,64,ok
quick,ed25519,classical (~128-bit classical security),verify,byte,166,invalid_len,300,2000,2000,2042,2042,32,64,ok
quick,ed25519,classical (~128-bit classical security),sign,prepared,1024,valid,300,9042,9000,9083,9125,32,64,ok
quick,ed25519,classical (~128-bit classical security),verify,prepared,1024,valid,300,18791,17282,18834,19000,32,64,ok
quick,ed25519,classical (~128-bit classical security),verify,prepared,1024,corrupted,300,18875,18792,18917,19392,32,64,ok
quick,ed25519,classical (~128-bit classical security),verify,prepared,1024,invalid_len,300,0,0,41,42,32,64,ok
quick,ed25519,classical (~128-bit classical security),sign,byte,1024,valid,300,17938,16459,18042,18166,32,64,ok
quick,ed25519,classical (~128-bit classical security),verify,byte,1024,valid,300,21000,20917,21083,21167,32,64,ok
quick,ed25519,classical (~128-bit classical security),verify,byte,1024,corrupted,300,21042,20959,21334,23797,32,64,ok
quick,ed25519,classical (~128-bit classical security),verify,byte,1024,invalid_len,300,2208,2042,2208,2250,32,64,ok
quick,ml-dsa-44,NIST category 2 (post-quantum),keygen,n/a,0,n/a,300,76541,76250,76885,79930,1312,2420,ok
quick,ml-dsa-44,NIST category 2 (post-quantum),sign,prepared,32,valid,300,127001,89323,201375,444294,1312,2420,ok
quick,ml-dsa-44,NIST category 2 (post-quantum),verify,prepared,32,valid,300,40208,40125,40292,40587,1312,2420,ok
quick,ml-dsa-44,NIST category 2 (post-quantum),verify,prepared,32,corrupted,300,40750,40167,41292,43338,1312,2420,ok
quick,ml-dsa-44,NIST category 2 (post-quantum),verify,prepared,32,invalid_len,300,0,0,42,42,1312,2420,ok
quick,ml-dsa-44,NIST category 2 (post-quantum),sign,byte,32,valid,300,149771,113907,241500,400381,1312,2420,ok
quick,ml-dsa-44,NIST category 2 (post-quantum),verify,byte,32,valid,300,50291,49083,50500,51346,1312,2420,ok
quick,ml-dsa-44,NIST category 2 (post-quantum),verify,byte,32,corrupted,300,50417,49833,50625,61660,1312,2420,ok
quick,ml-dsa-44,NIST category 2 (post-quantum),verify,byte,32,invalid_len,300,9000,9000,9042,9084,1312,2420,ok
quick,ml-dsa-44,NIST category 2 (post-quantum),sign,prepared,166,valid,300,132522,95145,228771,465556,1312,2420,ok
quick,ml-dsa-44,NIST category 2 (post-quantum),verify,prepared,166,valid,300,41417,41208,41625,45969,1312,2420,ok
quick,ml-dsa-44,NIST category 2 (post-quantum),verify,prepared,166,corrupted,300,40375,40250,40500,44721,1312,2420,ok
quick,ml-dsa-44,NIST category 2 (post-quantum),verify,prepared,166,invalid_len,300,0,0,42,42,1312,2420,ok
quick,ml-dsa-44,NIST category 2 (post-quantum),sign,byte,166,valid,300,146105,103865,240791,371510,1312,2420,ok
quick,ml-dsa-44,NIST category 2 (post-quantum),verify,byte,166,valid,300,49250,49083,49458,54385,1312,2420,ok
quick,ml-dsa-44,NIST category 2 (post-quantum),verify,byte,166,corrupted,300,49334,49250,49458,52711,1312,2420,ok
quick,ml-dsa-44,NIST category 2 (post-quantum),verify,byte,166,invalid_len,300,8791,8750,8792,8834,1312,2420,ok
quick,ml-dsa-44,NIST category 2 (post-quantum),sign,prepared,1024,valid,300,127980,68906,208407,446451,1312,2420,ok
quick,ml-dsa-44,NIST category 2 (post-quantum),verify,prepared,1024,valid,300,41625,39584,42458,99000,1312,2420,ok
quick,ml-dsa-44,NIST category 2 (post-quantum),verify,prepared,1024,corrupted,300,41458,41291,41833,44944,1312,2420,ok
quick,ml-dsa-44,NIST category 2 (post-quantum),verify,prepared,1024,invalid_len,300,0,0,41,42,1312,2420,ok
quick,ml-dsa-44,NIST category 2 (post-quantum),sign,byte,1024,valid,300,147125,113365,240021,451022,1312,2420,ok
quick,ml-dsa-44,NIST category 2 (post-quantum),verify,byte,1024,valid,300,50208,50083,50334,54300,1312,2420,ok
quick,ml-dsa-44,NIST category 2 (post-quantum),verify,byte,1024,corrupted,300,50292,50167,50459,53855,1312,2420,ok
quick,ml-dsa-44,NIST category 2 (post-quantum),verify,byte,1024,invalid_len,300,8750,8750,8792,8833,1312,2420,ok
quick,ml-dsa-65,NIST category 3 (post-quantum),keygen,n/a,0,n/a,300,134500,131500,135750,142066,1952,3309,ok
quick,ml-dsa-65,NIST category 3 (post-quantum),sign,prepared,32,valid,300,228521,140688,322802,653392,1952,3309,ok
quick,ml-dsa-65,NIST category 3 (post-quantum),verify,prepared,32,valid,300,66167,65917,67166,73674,1952,3309,ok
quick,ml-dsa-65,NIST category 3 (post-quantum),verify,prepared,32,corrupted,300,66083,65916,66291,69420,1952,3309,ok
quick,ml-dsa-65,NIST category 3 (post-quantum),verify,prepared,32,invalid_len,300,0,0,41,42,1952,3309,ok
quick,ml-dsa-65,NIST category 3 (post-quantum),sign,byte,32,valid,300,213688,156386,348156,694190,1952,3309,ok
quick,ml-dsa-65,NIST category 3 (post-quantum),verify,byte,32,valid,300,79917,79583,80250,83184,1952,3309,ok
quick,ml-dsa-65,NIST category 3 (post-quantum),verify,byte,32,corrupted,300,80000,79708,80292,86711,1952,3309,ok
quick,ml-dsa-65,NIST category 3 (post-quantum),verify,byte,32,invalid_len,300,13166,13083,13208,13752,1952,3309,ok
quick,ml-dsa-65,NIST category 3 (post-quantum),sign,prepared,166,valid,300,197896,140907,353511,582660,1952,3309,ok
quick,ml-dsa-65,NIST category 3 (post-quantum),verify,prepared,166,valid,300,67396,66584,67708,74833,1952,3309,ok
quick,ml-dsa-65,NIST category 3 (post-quantum),verify,prepared,166,corrupted,300,67063,66042,67719,74118,1952,3309,ok
quick,ml-dsa-65,NIST category 3 (post-quantum),verify,prepared,166,invalid_len,300,0,0,42,42,1952,3309,ok
quick,ml-dsa-65,NIST category 3 (post-quantum),sign,byte,166,valid,300,263229,170958,447729,801800,1952,3309,ok
quick,ml-dsa-65,NIST category 3 (post-quantum),verify,byte,166,valid,300,80250,80042,80417,81942,1952,3309,ok
quick,ml-dsa-65,NIST category 3 (post-quantum),verify,byte,166,corrupted,300,80084,79917,80260,82843,1952,3309,ok
quick,ml-dsa-65,NIST category 3 (post-quantum),verify,byte,166,invalid_len,300,13125,13083,13167,13375,1952,3309,ok
quick,ml-dsa-65,NIST category 3 (post-quantum),sign,prepared,1024,valid,300,229042,141657,359823,670108,1952,3309,ok
quick,ml-dsa-65,NIST category 3 (post-quantum),verify,prepared,1024,valid,300,67166,66958,67375,69877,1952,3309,ok
quick,ml-dsa-65,NIST category 3 (post-quantum),verify,prepared,1024,corrupted,300,67167,66917,67458,73129,1952,3309,ok
quick,ml-dsa-65,NIST category 3 (post-quantum),verify,prepared,1024,invalid_len,300,0,0,41,42,1952,3309,ok
quick,ml-dsa-65,NIST category 3 (post-quantum),sign,byte,1024,valid,300,224188,169281,347209,613100,1952,3309,ok
quick,ml-dsa-65,NIST category 3 (post-quantum),verify,byte,1024,valid,300,80916,80625,81219,83629,1952,3309,ok
quick,ml-dsa-65,NIST category 3 (post-quantum),verify,byte,1024,corrupted,300,80875,80615,81166,87185,1952,3309,ok
quick,ml-dsa-65,NIST category 3 (post-quantum),verify,byte,1024,invalid_len,300,13125,13083,13167,13292,1952,3309,ok
quick,slh-dsa-sha2-128s,NIST category 1 (post-quantum),keygen,n/a,0,n/a,223,66301458,66052917,67228251,72124000,32,7856,ok
quick,slh-dsa-sha2-128s,NIST category 1 (post-quantum),sign,prepared,32,valid,30,511344480,509171115,517462416,,32,7856,ok
quick,slh-dsa-sha2-128s,NIST category 1 (post-quantum),verify,prepared,32,valid,300,495333,493323,498062,513468,32,7856,ok
quick,slh-dsa-sha2-128s,NIST category 1 (post-quantum),verify,prepared,32,corrupted,300,512958,507250,519386,548265,32,7856,ok
quick,slh-dsa-sha2-128s,NIST category 1 (post-quantum),verify,prepared,32,invalid_len,300,0,0,41,42,32,7856,ok
quick,slh-dsa-sha2-128s,NIST category 1 (post-quantum),sign,byte,32,valid,26,577739250,576244250,586183948,,32,7856,ok
quick,slh-dsa-sha2-128s,NIST category 1 (post-quantum),verify,byte,32,valid,300,490792,489625,492813,509979,32,7856,ok
quick,slh-dsa-sha2-128s,NIST category 1 (post-quantum),verify,byte,32,corrupted,300,522104,520417,527250,549565,32,7856,ok
quick,slh-dsa-sha2-128s,NIST category 1 (post-quantum),verify,byte,32,invalid_len,300,0,0,42,42,32,7856,ok
quick,slh-dsa-sha2-128s,NIST category 1 (post-quantum),sign,prepared,166,valid,30,510565146,509133156,518608125,,32,7856,ok
quick,slh-dsa-sha2-128s,NIST category 1 (post-quantum),verify,prepared,166,valid,300,515833,513823,517813,528576,32,7856,ok
quick,slh-dsa-sha2-128s,NIST category 1 (post-quantum),verify,prepared,166,corrupted,300,500979,500125,503376,517869,32,7856,ok
quick,slh-dsa-sha2-128s,NIST category 1 (post-quantum),verify,prepared,166,invalid_len,300,0,0,41,42,32,7856,ok
quick,slh-dsa-sha2-128s,NIST category 1 (post-quantum),sign,byte,166,valid,26,578653105,577060604,580519563,,32,7856,ok
quick,slh-dsa-sha2-128s,NIST category 1 (post-quantum),verify,byte,166,valid,300,478563,476532,488865,520762,32,7856,ok
quick,slh-dsa-sha2-128s,NIST category 1 (post-quantum),verify,byte,166,corrupted,300,493396,490458,499823,529226,32,7856,ok
quick,slh-dsa-sha2-128s,NIST category 1 (post-quantum),verify,byte,166,invalid_len,300,0,0,42,42,32,7856,ok
quick,slh-dsa-sha2-128s,NIST category 1 (post-quantum),sign,prepared,1024,valid,30,511290729,509411979,515756062,,32,7856,ok
quick,slh-dsa-sha2-128s,NIST category 1 (post-quantum),verify,prepared,1024,valid,300,512583,511833,515125,530402,32,7856,ok
quick,slh-dsa-sha2-128s,NIST category 1 (post-quantum),verify,prepared,1024,corrupted,300,487417,481500,494531,556375,32,7856,ok
quick,slh-dsa-sha2-128s,NIST category 1 (post-quantum),verify,prepared,1024,invalid_len,300,0,0,41,42,32,7856,ok
quick,slh-dsa-sha2-128s,NIST category 1 (post-quantum),sign,byte,1024,valid,26,577976500,576045521,582755500,,32,7856,ok
quick,slh-dsa-sha2-128s,NIST category 1 (post-quantum),verify,byte,1024,valid,300,481125,480750,481719,493252,32,7856,ok
quick,slh-dsa-sha2-128s,NIST category 1 (post-quantum),verify,byte,1024,corrupted,300,516709,515292,518666,532727,32,7856,ok
quick,slh-dsa-sha2-128s,NIST category 1 (post-quantum),verify,byte,1024,invalid_len,300,41,0,42,42,32,7856,ok
